{
  "id": "1864066",
  "name": "search",
  "font_family": "iconfont",
  "css_prefix_text": "icon-",
  "description": "",
  "glyphs": [
    {
      "icon_id": "1388870",
      "name": "天猫直播-on",
      "font_class": "tianmao1",
      "unicode": "e635",
      "unicode_decimal": 58933
    },
    {
      "icon_id": "3833260",
      "name": "验证-知乎",
      "font_class": "zhihu",
      "unicode": "e68b",
      "unicode_decimal": 59019
    },
    {
      "icon_id": "8033041",
      "name": "搜狗搜索",
      "font_class": "sougousousuo",
      "unicode": "ea40",
      "unicode_decimal": 59968
    },
    {
      "icon_id": "8520179",
      "name": "bilibili@2x",
      "font_class": "bzhanicon",
      "unicode": "e64b",
      "unicode_decimal": 58955
    },
    {
      "icon_id": "9186712",
      "name": "微博",
      "font_class": "weibo",
      "unicode": "e666",
      "unicode_decimal": 58982
    },
    {
      "icon_id": "9307591",
      "name": "github",
      "font_class": "gitHub",
      "unicode": "e690",
      "unicode_decimal": 59024
    },
    {
      "icon_id": "9423024",
      "name": "狗",
      "font_class": "gou",
      "unicode": "e610",
      "unicode_decimal": 58896
    },
    {
      "icon_id": "11189393",
      "name": "豆瓣",
      "font_class": "douban",
      "unicode": "e615",
      "unicode_decimal": 58901
    },
    {
      "icon_id": "11888008",
      "name": "淘宝",
      "font_class": "TB",
      "unicode": "e617",
      "unicode_decimal": 58903
    },
    {
      "icon_id": "11983544",
      "name": "google",
      "font_class": "google",
      "unicode": "ea0c",
      "unicode_decimal": 59916
    },
    {
      "icon_id": "12705396",
      "name": "百度",
      "font_class": "baidu",
      "unicode": "e61c",
      "unicode_decimal": 58908
    },
    {
      "icon_id": "12705402",
      "name": "优酷",
      "font_class": "youku",
      "unicode": "e61d",
      "unicode_decimal": 58909
    },
    {
      "icon_id": "14037582",
      "name": "必应 ",
      "font_class": "biying1",
      "unicode": "e621",
      "unicode_decimal": 58913
    },
    {
      "icon_id": "14620198",
      "name": "360搜索",
      "font_class": "360sousuo",
      "unicode": "e622",
      "unicode_decimal": 58914
    },
    {
      "icon_id": "14623251",
      "name": "京东",
      "font_class": "jingdong1",
      "unicode": "e653",
      "unicode_decimal": 58963
    }
  ]
}
