[{
	"icon": "icon-sousuo1",
	"title": "常用/搜索",
	"node": [{
		"url": "https://www.baidu.com/",
		"icon": "icon-baidu",
		"text": "百度"
	}, {
		"url": "https://www.google.com/",
		"icon": "icon-google",
		"text": "谷歌"
	}, {
		"url": "https://github.com",
		"icon": "icon-gitHub",
		"text": "GitHub"
	}, {
		"url": "https://wx.qq.com/",
		"icon": "icon-weixin",
		"text": "微信"
	}, {
		"url": "https://weibo.com/",
		"icon": "icon-weibo",
		"text": "微博"
	}, {
		"url": "https://tieba.baidu.com/",
		"icon": "icon-baidutieba",
		"text": "贴吧"
	}, {
		"url": "https://mail.163.com/",
		"icon": "icon-wangyi",
		"text": "网易邮箱"
	}, {
		"url": "https://mail.google.com/",
		"icon": "icon-Gmail",
		"text": "Gmail"
	}, {
		"url": "https://outlook.live.com/mail/",
		"icon": "icon-outlook_x",
		"text": "Outlook"
	}]
}, {
	"icon": "icon-shipin1",
	"title": "视频/直播",
	"node": [{
		"url": "https://www.youtube.com/",
		"icon": "icon-youtube",
		"text": "YouTube"
	}, {
		"url": "https://www.bilibili.com/",
		"icon": "icon-bilibili",
		"text": "哔哩哔哩"
	}, {
		"url": "https://www.youku.com/",
		"icon": "icon-youku",
		"text": "优酷"
	}, {
		"url": "https://v.qq.com/",
		"icon": "icon-tengxunshipin",
		"text": "腾讯视频"
	}, {
		"url": "https://www.iqiyi.com/",
		"icon": "icon-aiqiyi",
		"text": "爱奇艺"
	}, {
		"url": "https://www.huya.com/",
		"icon": "icon-huyazhibo",
		"text": "虎牙直播"
	}, {
		"url": "https://www.douyu.com/",
		"icon": "icon-douyuTV",
		"text": "斗鱼直播"
	}, {
		"url": "https://egame.qq.com/",
		"icon": "icon-fangqiedianjing",
		"text": "企鹅电竞"
	}, {
		"url": "http://www.zmz2019.com/",
		"icon": "icon-zimu",
		"text": "人人影视"
	}]
}, {
	"icon": "icon-bangong",
	"title": "办公/设计",
	"node": [{
		"url": "https://www.kancloud.cn/",
		"icon": "icon-biji",
		"text": "看云"
	}, {
		"url": "https://www.yuque.com/",
		"icon": "icon-yuquemianlogo",
		"text": "语雀"
	}, {
		"url": "https://www.latexstudio.net/",
		"icon": "icon-tianjiagongshi",
		"text": "LaTeX"
	}, {
		"url": "https://cn.overleaf.com/",
		"icon": "icon-xiezuo",
		"text": "Overleaf"
	}, {
		"url": "https://www.iconfont.cn/",
		"icon": "icon-alixingqiu",
		"text": "阿里图标"
	}, {
		"url": "https://huaban.com/",
		"icon": "icon-huabanwang",
		"text": "花瓣"
	}]
}, {
	"icon": "icon-caozuojiemiantubiao---_gongju",
	"title": "存储/工具",
	"node": [{
		"url": "https://pan.baidu.com/",
		"icon": "icon-baiduwangpan",
		"text": "百度网盘"
	}, {
		"url": "https://www.jianguoyun.com/",
		"icon": "icon-jianguo",
		"text": "坚果云"
	}, {
		"url": "https://up.woozooo.com/u",
		"icon": "icon-yuncunchu",
		"text": "蓝奏云"
	}, {
		"url": "https://cowtransfer.com/",
		"icon": "icon--nainiu",
		"text": "奶牛快传"
	}, {
		"url": "https://send.firefox.com/",
		"icon": "icon-huohuliulanqifirefox",
		"text": "Ff Send"
	}, {
		"url": "https://translate.google.cn/",
		"icon": "icon-google",
		"text": "谷歌翻译"
	}, {
		"url": "https://lolicon.dev/",
		"icon": "icon-idrex",
		"text": "Toolbox"
	}, {
		"url": "https://tools.miku.ac/",
		"icon": "icon-gongju",
		"text": "MikuTools"
	}, {
		"url": "https://apkdl.in/",
		"icon": "icon-apk",
		"text": "APK下载"
	}, {
		"url": "http://tool.chinaz.com/",
		"icon": "icon-ico_yunyingguanli_yuangongxinxichaxun",
		"text": "站长工具"
	}, {
		"url": "https://tinify.cn/",
		"icon": "icon--xiongmao",
		"text": "TinyPNG"
	}]
}, {
	"icon": "icon-_qianduankaifa",
	"title": "开发/云",
	"node": [{
		"url": "https://www.aliyun.com/",
		"icon": "icon-aliyun",
		"text": "阿里云"
	}, {
		"url": "https://cloud.tencent.com/",
		"icon": "icon-tengxunyun",
		"text": "腾讯云"
	}, {
		"url": "https://www.qiniu.com/",
		"icon": "icon-qiniuyun",
		"text": "七牛云"
	}, {
		"url": "https://www.cloudflare.com/",
		"icon": "icon-cloudflare",
		"text": "Cloudflare"
	}, {
		"url": "https://www.w3school.com.cn/",
		"icon": "icon-wc",
		"text": "W3school"
	}, {
		"url": "https://msdn.itellyou.cn/",
		"icon": "icon-weiruan",
		"text": "MSDN"
	}, {
		"url": "https://rrkee.com/",
		"icon": "icon-renren",
		"text": "人人客"
	}, {
		"url": "https://code.visualstudio.com/",
		"icon": "icon-file_type_vscode",
		"text": "VSCode"
	}, {
		"url": "https://www.jetbrains.com/",
		"icon": "icon-jetbrains",
		"text": "JetBrains"
	}]
}, {
	"icon": "icon-_shequluntan",
	"title": "论坛/学习",
	"node": [{
		"url": "https://juejin.im/",
		"icon": "icon-juejin",
		"text": "掘金"
	}, {
		"url": "https://segmentfault.com/",
		"icon": "icon-iconsf-copy",
		"text": "SF思否"
	}, {
		"url": "https://www.52pojie.cn/",
		"icon": "icon-wuaipojie",
		"text": "吾爱破解"
	}, {
		"url": "https://www.itsk.com/",
		"icon": "icon-SKY",
		"text": "IT天空"
	}, {
		"url": "https://www.ituring.com.cn/",
		"icon": "icon-tulingyunlogo",
		"text": "图灵社区"
	}, {
		"url": "https://leetcode-cn.com/",
		"icon": "icon-LeetCode",
		"text": "力扣"
	}]
}]