{
  "id": "1841669",
  "name": "webtest",
  "font_family": "iconfont",
  "css_prefix_text": "icon-",
  "description": "",
  "glyphs": [
    {
      "icon_id": "3605015",
      "name": "icon_enter",
      "font_class": "enter",
      "unicode": "e70a",
      "unicode_decimal": 59146
    },
    {
      "icon_id": "13767300",
      "name": "icon-shanchu",
      "font_class": "shanchu",
      "unicode": "e63e",
      "unicode_decimal": 58942
    },
    {
      "icon_id": "1095879",
      "name": "社区论坛",
      "font_class": "shequluntan",
      "unicode": "e655",
      "unicode_decimal": 58965
    },
    {
      "icon_id": "13469810",
      "name": "overleaf",
      "font_class": "overleaf",
      "unicode": "e660",
      "unicode_decimal": 58976
    },
    {
      "icon_id": "1680921",
      "name": "办公",
      "font_class": "bangong-copy",
      "unicode": "e657",
      "unicode_decimal": 58967
    },
    {
      "icon_id": "9266754",
      "name": "cloud",
      "font_class": "cloud",
      "unicode": "e65f",
      "unicode_decimal": 58975
    },
    {
      "icon_id": "3060863",
      "name": "QQ邮箱",
      "font_class": "QQyouxiang",
      "unicode": "e820",
      "unicode_decimal": 59424
    },
    {
      "icon_id": "5772659",
      "name": "QQ邮箱",
      "font_class": "youxiang",
      "unicode": "e61a",
      "unicode_decimal": 58906
    },
    {
      "icon_id": "6734248",
      "name": "汽车之家2",
      "font_class": "qichezhijia",
      "unicode": "e654",
      "unicode_decimal": 58964
    },
    {
      "icon_id": "10934973",
      "name": "百度贴吧",
      "font_class": "baidutiebatest",
      "unicode": "e601",
      "unicode_decimal": 58881
    },
    {
      "icon_id": "159851",
      "name": "Cg",
      "font_class": "cg",
      "unicode": "e606",
      "unicode_decimal": 58886
    },
    {
      "icon_id": "7018025",
      "name": "cgaii",
      "font_class": "cgaii",
      "unicode": "e645",
      "unicode_decimal": 58949
    },
    {
      "icon_id": "7148948",
      "name": "京东物流配送",
      "font_class": "jingdong01",
      "unicode": "e6a2",
      "unicode_decimal": 59042
    },
    {
      "icon_id": "8193958",
      "name": "京东扫码支付",
      "font_class": "jingdong02",
      "unicode": "e64a",
      "unicode_decimal": 58954
    },
    {
      "icon_id": "11603479",
      "name": "icon-social-bilibili",
      "font_class": "social-bilibili",
      "unicode": "e64c",
      "unicode_decimal": 58956
    },
    {
      "icon_id": "12903622",
      "name": "cg",
      "font_class": "gfxcamp",
      "unicode": "e650",
      "unicode_decimal": 58960
    },
    {
      "icon_id": "13211196",
      "name": "cgicon",
      "font_class": "cgicon",
      "unicode": "e64d",
      "unicode_decimal": 58957
    },
    {
      "icon_id": "14428671",
      "name": "CGtalk",
      "font_class": "CGtalk",
      "unicode": "e85c",
      "unicode_decimal": 59484
    },
    {
      "icon_id": "13304033",
      "name": "python",
      "font_class": "python",
      "unicode": "e692",
      "unicode_decimal": 59026
    },
    {
      "icon_id": "13304037",
      "name": "raml",
      "font_class": "raml",
      "unicode": "e693",
      "unicode_decimal": 59027
    },
    {
      "icon_id": "13304052",
      "name": "svelte",
      "font_class": "svelte",
      "unicode": "e699",
      "unicode_decimal": 59033
    },
    {
      "icon_id": "13304068",
      "name": "settings",
      "font_class": "settings",
      "unicode": "e6a1",
      "unicode_decimal": 59041
    },
    {
      "icon_id": "13304136",
      "name": "xml",
      "font_class": "xml",
      "unicode": "e6b2",
      "unicode_decimal": 59058
    },
    {
      "icon_id": "13304139",
      "name": "video",
      "font_class": "video",
      "unicode": "e6b4",
      "unicode_decimal": 59060
    },
    {
      "icon_id": "13304141",
      "name": "virtual",
      "font_class": "virtual",
      "unicode": "e6b6",
      "unicode_decimal": 59062
    },
    {
      "icon_id": "13304147",
      "name": "vuex-store",
      "font_class": "vuex-store",
      "unicode": "e6bb",
      "unicode_decimal": 59067
    },
    {
      "icon_id": "13302925",
      "name": "applescript",
      "font_class": "applescript",
      "unicode": "e636",
      "unicode_decimal": 58934
    },
    {
      "icon_id": "13302927",
      "name": "actionscript",
      "font_class": "actionscript",
      "unicode": "e643",
      "unicode_decimal": 58947
    },
    {
      "icon_id": "13302946",
      "name": "cmake",
      "font_class": "cmake",
      "unicode": "e644",
      "unicode_decimal": 58948
    },
    {
      "icon_id": "13303094",
      "name": "coffee",
      "font_class": "coffee",
      "unicode": "e646",
      "unicode_decimal": 58950
    },
    {
      "icon_id": "13303104",
      "name": "csharp",
      "font_class": "csharp",
      "unicode": "e647",
      "unicode_decimal": 58951
    },
    {
      "icon_id": "13303117",
      "name": "django",
      "font_class": "django",
      "unicode": "e648",
      "unicode_decimal": 58952
    },
    {
      "icon_id": "13303485",
      "name": "h",
      "font_class": "h",
      "unicode": "e658",
      "unicode_decimal": 58968
    },
    {
      "icon_id": "13303491",
      "name": "font",
      "font_class": "font",
      "unicode": "e659",
      "unicode_decimal": 58969
    },
    {
      "icon_id": "13303493",
      "name": "git",
      "font_class": "git",
      "unicode": "e65a",
      "unicode_decimal": 58970
    },
    {
      "icon_id": "13303494",
      "name": "gatsby",
      "font_class": "gatsby",
      "unicode": "e65b",
      "unicode_decimal": 58971
    },
    {
      "icon_id": "13303495",
      "name": "gitpod",
      "font_class": "gitpod",
      "unicode": "e65c",
      "unicode_decimal": 58972
    },
    {
      "icon_id": "13303500",
      "name": "foxpro",
      "font_class": "foxpro",
      "unicode": "e65d",
      "unicode_decimal": 58973
    },
    {
      "icon_id": "13303503",
      "name": "gcp",
      "font_class": "gcp",
      "unicode": "e65e",
      "unicode_decimal": 58974
    },
    {
      "icon_id": "13303534",
      "name": "lib",
      "font_class": "lib",
      "unicode": "e662",
      "unicode_decimal": 58978
    },
    {
      "icon_id": "13303555",
      "name": "i18n",
      "font_class": "in",
      "unicode": "e66a",
      "unicode_decimal": 58986
    },
    {
      "icon_id": "13303607",
      "name": "json",
      "font_class": "json",
      "unicode": "e66d",
      "unicode_decimal": 58989
    },
    {
      "icon_id": "13303611",
      "name": "key",
      "font_class": "key",
      "unicode": "e66e",
      "unicode_decimal": 58990
    },
    {
      "icon_id": "13303614",
      "name": "lib",
      "font_class": "lib1",
      "unicode": "e670",
      "unicode_decimal": 58992
    },
    {
      "icon_id": "13303615",
      "name": "less",
      "font_class": "less",
      "unicode": "e671",
      "unicode_decimal": 58993
    },
    {
      "icon_id": "13303616",
      "name": "liquid",
      "font_class": "liquid",
      "unicode": "e672",
      "unicode_decimal": 58994
    },
    {
      "icon_id": "13303620",
      "name": "log",
      "font_class": "log",
      "unicode": "e673",
      "unicode_decimal": 58995
    },
    {
      "icon_id": "13303629",
      "name": "javascript-map",
      "font_class": "javascript-map",
      "unicode": "e676",
      "unicode_decimal": 58998
    },
    {
      "icon_id": "13303933",
      "name": "php",
      "font_class": "php",
      "unicode": "e67e",
      "unicode_decimal": 59006
    },
    {
      "icon_id": "13303935",
      "name": "php_elephant",
      "font_class": "php_elephant",
      "unicode": "e67f",
      "unicode_decimal": 59007
    },
    {
      "icon_id": "13303936",
      "name": "powerpoint",
      "font_class": "powerpoint",
      "unicode": "e680",
      "unicode_decimal": 59008
    },
    {
      "icon_id": "13303942",
      "name": "nodejs",
      "font_class": "nodejs",
      "unicode": "e683",
      "unicode_decimal": 59011
    },
    {
      "icon_id": "13303947",
      "name": "npm",
      "font_class": "npm",
      "unicode": "e685",
      "unicode_decimal": 59013
    },
    {
      "icon_id": "13303948",
      "name": "nunjucks",
      "font_class": "nunjucks",
      "unicode": "e686",
      "unicode_decimal": 59014
    },
    {
      "icon_id": "13303950",
      "name": "pug",
      "font_class": "icon-gou",
      "unicode": "e682",
      "unicode_decimal": 59010
    },
    {
      "icon_id": "1320095",
      "name": "设计百宝箱",
      "font_class": "1",
      "unicode": "e623",
      "unicode_decimal": 58915
    },
    {
      "icon_id": "1320104",
      "name": "站酷123",
      "font_class": "zhanku123",
      "unicode": "e627",
      "unicode_decimal": 58919
    },
    {
      "icon_id": "1320105",
      "name": "优界网",
      "font_class": "youjiewang",
      "unicode": "e628",
      "unicode_decimal": 58920
    },
    {
      "icon_id": "1320111",
      "name": "UI中国",
      "font_class": "UIzhongguo",
      "unicode": "e629",
      "unicode_decimal": 58921
    },
    {
      "icon_id": "1321533",
      "name": "千库网",
      "font_class": "qiankuwang",
      "unicode": "e62c",
      "unicode_decimal": 58924
    },
    {
      "icon_id": "1321536",
      "name": "千图网",
      "font_class": "qiantuwang",
      "unicode": "e62d",
      "unicode_decimal": 58925
    },
    {
      "icon_id": "1321537",
      "name": "摄图网",
      "font_class": "shetuwang",
      "unicode": "e62e",
      "unicode_decimal": 58926
    },
    {
      "icon_id": "1321538",
      "name": "设计之家",
      "font_class": "shejizhijia",
      "unicode": "e62f",
      "unicode_decimal": 58927
    },
    {
      "icon_id": "1321540",
      "name": "图翼网",
      "font_class": "tuyiwang",
      "unicode": "e637",
      "unicode_decimal": 58935
    },
    {
      "icon_id": "1321543",
      "name": "优阁网",
      "font_class": "yougewang",
      "unicode": "e638",
      "unicode_decimal": 58936
    },
    {
      "icon_id": "1321569",
      "name": "字体之家",
      "font_class": "zitizhijia",
      "unicode": "e639",
      "unicode_decimal": 58937
    },
    {
      "icon_id": "1321610",
      "name": "视觉me",
      "font_class": "shijueme",
      "unicode": "e63a",
      "unicode_decimal": 58938
    },
    {
      "icon_id": "1321611",
      "name": "uicloud",
      "font_class": "uicloud",
      "unicode": "e63c",
      "unicode_decimal": 58940
    },
    {
      "icon_id": "1321618",
      "name": "logo-stock",
      "font_class": "logo-stock",
      "unicode": "e63d",
      "unicode_decimal": 58941
    },
    {
      "icon_id": "1321623",
      "name": "配色器",
      "font_class": "peiseqi",
      "unicode": "e63f",
      "unicode_decimal": 58943
    },
    {
      "icon_id": "1322832",
      "name": "昵图网",
      "font_class": "nituwang",
      "unicode": "e640",
      "unicode_decimal": 58944
    },
    {
      "icon_id": "3060668",
      "name": "中关村在线",
      "font_class": "zhongguancunzaixian",
      "unicode": "e80a",
      "unicode_decimal": 59402
    },
    {
      "icon_id": "13304156",
      "name": "yaml",
      "font_class": "yaml",
      "unicode": "e6bf",
      "unicode_decimal": 59071
    },
    {
      "icon_id": "13389146",
      "name": "IT之家",
      "font_class": "itzhijia-copy-copy",
      "unicode": "e642",
      "unicode_decimal": 58946
    },
    {
      "icon_id": "1200394",
      "name": "阿里云",
      "font_class": "aliyuncaise",
      "unicode": "e605",
      "unicode_decimal": 58885
    },
    {
      "icon_id": "2473573",
      "name": "熊猫直播",
      "font_class": "xiongmao",
      "unicode": "e64e",
      "unicode_decimal": 58958
    },
    {
      "icon_id": "2473581",
      "name": "虎牙直播",
      "font_class": "huyazhibo",
      "unicode": "e64f",
      "unicode_decimal": 58959
    },
    {
      "icon_id": "2975797",
      "name": "阿里星球",
      "font_class": "alixingqiu",
      "unicode": "e625",
      "unicode_decimal": 58917
    },
    {
      "icon_id": "3051418",
      "name": "解决方案-推荐-云存储",
      "font_class": "yuncunchu",
      "unicode": "e61e",
      "unicode_decimal": 58910
    },
    {
      "icon_id": "3663085",
      "name": "设计",
      "font_class": "sheji1",
      "unicode": "e616",
      "unicode_decimal": 58902
    },
    {
      "icon_id": "3859316",
      "name": "腾讯视频",
      "font_class": "tengxunshipin",
      "unicode": "e62b",
      "unicode_decimal": 58923
    },
    {
      "icon_id": "4542892",
      "name": "APK",
      "font_class": "APK",
      "unicode": "e60b",
      "unicode_decimal": 58891
    },
    {
      "icon_id": "4956691",
      "name": "bilibili",
      "font_class": "bilibili",
      "unicode": "e6cf",
      "unicode_decimal": 59087
    },
    {
      "icon_id": "5758059",
      "name": "segmentfault",
      "font_class": "iconsf-copy",
      "unicode": "e607",
      "unicode_decimal": 58887
    },
    {
      "icon_id": "5783128",
      "name": "爱奇艺",
      "font_class": "aiqiyi",
      "unicode": "e6b5",
      "unicode_decimal": 59061
    },
    {
      "icon_id": "6022878",
      "name": "吾爱破解",
      "font_class": "wuaipojie",
      "unicode": "e608",
      "unicode_decimal": 58888
    },
    {
      "icon_id": "6236829",
      "name": "天猫",
      "font_class": "tianmao",
      "unicode": "e62a",
      "unicode_decimal": 58922
    },
    {
      "icon_id": "6380711",
      "name": "攻略，书写，笔记，游记",
      "font_class": "gonglve",
      "unicode": "e609",
      "unicode_decimal": 58889
    },
    {
      "icon_id": "6788661",
      "name": "熊猫",
      "font_class": "xiongmao1",
      "unicode": "e60a",
      "unicode_decimal": 58890
    },
    {
      "icon_id": "6995376",
      "name": "七牛云",
      "font_class": "qiniuyun",
      "unicode": "e618",
      "unicode_decimal": 58904
    },
    {
      "icon_id": "7141056",
      "name": "百度网盘",
      "font_class": "baiduwangpan",
      "unicode": "e60c",
      "unicode_decimal": 58892
    },
    {
      "icon_id": "7338891",
      "name": "图灵云logo",
      "font_class": "tulingyunlogo",
      "unicode": "e60d",
      "unicode_decimal": 58893
    },
    {
      "icon_id": "7605980",
      "name": "办公平台",
      "font_class": "bangongpingtai",
      "unicode": "e60e",
      "unicode_decimal": 58894
    },
    {
      "icon_id": "7777736",
      "name": "坚果",
      "font_class": "jianguo",
      "unicode": "e611",
      "unicode_decimal": 58897
    },
    {
      "icon_id": "7875014",
      "name": "LeetCode",
      "font_class": "LeetCode",
      "unicode": "e631",
      "unicode_decimal": 58929
    },
    {
      "icon_id": "8033534",
      "name": "花瓣网",
      "font_class": "huabanwang",
      "unicode": "ea8b",
      "unicode_decimal": 60043
    },
    {
      "icon_id": "8034656",
      "name": "斗鱼TV",
      "font_class": "douyuTV",
      "unicode": "eb0d",
      "unicode_decimal": 60173
    },
    {
      "icon_id": "8125088",
      "name": "微信",
      "font_class": "weixin1",
      "unicode": "e6a0",
      "unicode_decimal": 59040
    },
    {
      "icon_id": "8533768",
      "name": "在线编辑",
      "font_class": "zaixianbianji",
      "unicode": "e632",
      "unicode_decimal": 58930
    },
    {
      "icon_id": "8873166",
      "name": "工具",
      "font_class": "gongju",
      "unicode": "e60f",
      "unicode_decimal": 58895
    },
    {
      "icon_id": "9545262",
      "name": "视频",
      "font_class": "shipin",
      "unicode": "e649",
      "unicode_decimal": 58953
    },
    {
      "icon_id": "9698938",
      "name": "bilibili",
      "font_class": "bilibili1",
      "unicode": "e620",
      "unicode_decimal": 58912
    },
    {
      "icon_id": "10155549",
      "name": "方企鹅电竞",
      "font_class": "fangqiedianjing",
      "unicode": "e613",
      "unicode_decimal": 58899
    },
    {
      "icon_id": "10360495",
      "name": "视频",
      "font_class": "shipin1",
      "unicode": "e612",
      "unicode_decimal": 58898
    },
    {
      "icon_id": "10619016",
      "name": "字幕文本",
      "font_class": "zimuwenben",
      "unicode": "e6a3",
      "unicode_decimal": 59043
    },
    {
      "icon_id": "10664264",
      "name": "Bilibili",
      "font_class": "Bilibili",
      "unicode": "e67c",
      "unicode_decimal": 59004
    },
    {
      "icon_id": "10794971",
      "name": "8_3前端开发",
      "font_class": "_qianduankaifa",
      "unicode": "e614",
      "unicode_decimal": 58900
    },
    {
      "icon_id": "10885812",
      "name": "SKY",
      "font_class": "SKY",
      "unicode": "e66b",
      "unicode_decimal": 58987
    },
    {
      "icon_id": "11555188",
      "name": "工具",
      "font_class": "gongju1",
      "unicode": "e669",
      "unicode_decimal": 58985
    },
    {
      "icon_id": "12176818",
      "name": "语雀 logo",
      "font_class": "yuquemianlogo",
      "unicode": "e732",
      "unicode_decimal": 59186
    },
    {
      "icon_id": "12272036",
      "name": "删除／数字面板编辑态",
      "font_class": "delete",
      "unicode": "e619",
      "unicode_decimal": 58905
    },
    {
      "icon_id": "12497201",
      "name": "gitee",
      "font_class": "gitee-red-2",
      "unicode": "e61b",
      "unicode_decimal": 58907
    },
    {
      "icon_id": "12936205",
      "name": "搜索",
      "font_class": "sousuo",
      "unicode": "e66c",
      "unicode_decimal": 58988
    },
    {
      "icon_id": "12959160",
      "name": "腾讯云",
      "font_class": "tengxunyun",
      "unicode": "e651",
      "unicode_decimal": 58961
    },
    {
      "icon_id": "13277837",
      "name": "京东",
      "font_class": "jingdong",
      "unicode": "e641",
      "unicode_decimal": 58945
    },
    {
      "icon_id": "13308697",
      "name": "掘金",
      "font_class": "juejin",
      "unicode": "e66f",
      "unicode_decimal": 58991
    },
    {
      "icon_id": "13438161",
      "name": "微软-fill-color",
      "font_class": "weiruan-fill-color",
      "unicode": "e68c",
      "unicode_decimal": 59020
    },
    {
      "icon_id": "13469645",
      "name": "jetbrains",
      "font_class": "jetbrains",
      "unicode": "e61f",
      "unicode_decimal": 58911
    },
    {
      "icon_id": "13635396",
      "name": "淘宝",
      "font_class": "taobao",
      "unicode": "e663",
      "unicode_decimal": 58979
    },
    {
      "icon_id": "14201776",
      "name": "firefox",
      "font_class": "firefox",
      "unicode": "f4d2",
      "unicode_decimal": 62674
    },
    {
      "icon_id": "14209093",
      "name": "微软_icon",
      "font_class": "weiruan_icon",
      "unicode": "e79a",
      "unicode_decimal": 59290
    },
    {
      "icon_id": "9307592",
      "name": "钉钉",
      "font_class": "dingding",
      "unicode": "e691",
      "unicode_decimal": 59025
    },
    {
      "icon_id": "10129483",
      "name": "Adobe Dw",
      "font_class": "AdobeDw",
      "unicode": "e602",
      "unicode_decimal": 58882
    },
    {
      "icon_id": "10129490",
      "name": "Adobe Ps",
      "font_class": "AdobePs",
      "unicode": "e604",
      "unicode_decimal": 58884
    },
    {
      "icon_id": "11491209",
      "name": "gmail",
      "font_class": "gmail",
      "unicode": "e774",
      "unicode_decimal": 59252
    },
    {
      "icon_id": "11983521",
      "name": "wordpress",
      "font_class": "wordpress",
      "unicode": "ea07",
      "unicode_decimal": 59911
    },
    {
      "icon_id": "11983543",
      "name": "github",
      "font_class": "github1",
      "unicode": "ea0b",
      "unicode_decimal": 59915
    },
    {
      "icon_id": "11983554",
      "name": "evernote",
      "font_class": "evernote",
      "unicode": "ea0d",
      "unicode_decimal": 59917
    },
    {
      "icon_id": "13302912",
      "name": "autohotkey",
      "font_class": "autohotkey",
      "unicode": "e624",
      "unicode_decimal": 58916
    },
    {
      "icon_id": "13302923",
      "name": "azure",
      "font_class": "azure",
      "unicode": "e626",
      "unicode_decimal": 58918
    },
    {
      "icon_id": "13302957",
      "name": "c",
      "font_class": "c",
      "unicode": "e630",
      "unicode_decimal": 58928
    },
    {
      "icon_id": "13303083",
      "name": "edge",
      "font_class": "edge",
      "unicode": "e633",
      "unicode_decimal": 58931
    },
    {
      "icon_id": "13303087",
      "name": "email",
      "font_class": "email",
      "unicode": "e634",
      "unicode_decimal": 58932
    },
    {
      "icon_id": "13303476",
      "name": "groovy",
      "font_class": "groovy",
      "unicode": "e652",
      "unicode_decimal": 58962
    },
    {
      "icon_id": "13303484",
      "name": "html",
      "font_class": "html",
      "unicode": "e656",
      "unicode_decimal": 58966
    },
    {
      "icon_id": "13304144",
      "name": "vscode",
      "font_class": "vscode",
      "unicode": "e6b8",
      "unicode_decimal": 59064
    },
    {
      "icon_id": "2146596",
      "name": "人人",
      "font_class": "renren",
      "unicode": "e600",
      "unicode_decimal": 58880
    },
    {
      "icon_id": "3282850",
      "name": "网易",
      "font_class": "wangyi",
      "unicode": "e63b",
      "unicode_decimal": 58939
    },
    {
      "icon_id": "3616074",
      "name": "file_css",
      "font_class": "file_css",
      "unicode": "e6fa",
      "unicode_decimal": 59130
    },
    {
      "icon_id": "3616081",
      "name": "file_music",
      "font_class": "file_music",
      "unicode": "e6fc",
      "unicode_decimal": 59132
    },
    {
      "icon_id": "3616083",
      "name": "file_pdf",
      "font_class": "file_pdf",
      "unicode": "e6fe",
      "unicode_decimal": 59134
    },
    {
      "icon_id": "8161813",
      "name": "w3c",
      "font_class": "wc",
      "unicode": "e74c",
      "unicode_decimal": 59212
    },
    {
      "icon_id": "8759836",
      "name": "QQ",
      "font_class": "QQ",
      "unicode": "e698",
      "unicode_decimal": 59032
    },
    {
      "icon_id": "8799049",
      "name": "音乐",
      "font_class": "yinle",
      "unicode": "e69a",
      "unicode_decimal": 59034
    },
    {
      "icon_id": "9185379",
      "name": "outlook_48x1",
      "font_class": "outlook_x",
      "unicode": "e603",
      "unicode_decimal": 58883
    },
    {
      "icon_id": "9186709",
      "name": "微信",
      "font_class": "weixin",
      "unicode": "e665",
      "unicode_decimal": 58981
    },
    {
      "icon_id": "9186713",
      "name": "朋友圈",
      "font_class": "pengyouquan",
      "unicode": "e667",
      "unicode_decimal": 58983
    },
    {
      "icon_id": "9186714",
      "name": "QQ",
      "font_class": "QQ1",
      "unicode": "e668",
      "unicode_decimal": 58984
    },
    {
      "icon_id": "9306312",
      "name": "支付宝",
      "font_class": "zhifubao",
      "unicode": "e68a",
      "unicode_decimal": 59018
    },
    {
      "icon_id": "9306763",
      "name": "skype",
      "font_class": "skype",
      "unicode": "e68e",
      "unicode_decimal": 59022
    }
  ]
}
